{
    "GAUSSIAN_BLUR_KERNEL": [
        5,
        5
    ],
    "ADAPTIVE_THRESH_BLOCK_SIZE": 9,
    "ADAPTIVE_THRESH_C": 2.3607252011599438,
    "CANNY_THRESHOLD1": 199.99994418480654,
    "CANNY_THRESHOLD2": 249.99995419299688,
    "MIN_WIDTH": 20.0,
    "MIN_HEIGHT": 100.0,
    "ASPECT_RATIO_THRESHOLD": 2.0
}