{
    "ADAPTIVE_THRESH_BLOCK_SIZE": 9,
    "ADAPTIVE_THRESH_C": 3.167277354770216,
    "CANNY_THRESHOLD1": 188.82082747145452,
    "CANNY_THRESHOLD2": 242.54721004714364,
    "MIN_WIDTH": 18.581684821220506,
    "MIN_HEIGHT": 102.12880205294245,
    "ASPECT_RATIO_THRESHOLD": 1.8926850773628885
}